id,first_name,last_name,country_id,image
18, Anonymous,x,6,
2,Koharu,YONEMOTO,5,Koharu_Yonemoto.jpg
3,Shiho,TANAKA,5,Shiho_Tanaka.jpg
4,Ayaka,TAKAHASHI,5,ayaka-takahashi.jpg
5,Misaki,MATSUTOMO,5,misaki-matsutomo.jpg
6,Marc,ZWIEBLER,8,marc-zwiebler.jpg
7,LEE,Chong Wei,1,lee-chong-wei.jpg
8,Akane,YAMAGUCHI,5,akane-yamaguchi.jpg
9,SUN,Yu,3,yu-sun.jpg
10,Christinna,PEDERSEN,4,christinna-pedersen.jpg
11,Kamilla Rytter,JUHL,4,kamilla-rytter-juhl.jpg
12,LUO,Ying,3,lou-ying.jpg
13,LUO,Yu,3,luo-yu.jpg
14,Hendra,SETIAWAN,10,hendra-setiawan.jpg
15,Mohammad,AHSAN,10,mohammad-ahsan.jpg
16,LI,Junhui,3,li-junhui.jpg
17,LIU,Yuchen,3,liu-yuchen.jpg
19,KO,Sung Hyun,2,ko-sung-hyun.jpg
20,KIM,Gi Jung,2,kim-gi-jung.jpg
21,ZHENG,Siwei,3,avatar_male.jpg
22,CHEN,Qingchen,3,chen-qingchen.jpg
23,KIM,Ha Na,2,kim-ha-na.jpg
24,HE,Bingjiao,3,he-bingjiao.jpg
25,Jan O,JORGENSEN,4,jan-o-jorgensen.jpg
26,Keigo,SONODA,5,keigo-sonoda.jpg
27,Takeshi,KAMURA,5,takeshi-kamura.jpg
28,Aya,OHORI,5,aya-ohori.jpg
29,SON,Wan Ho,2,son-wan-ho.jpg
30,LU,Kai,3,lu-kai.jpg
31,HUANG,Yaqiong,3,huang-ya-qiong.jpg
32,Peng Soon,CHAN,1,peng-soon-chan.jpg
33,Liu Ying,GOH,1,liu-ying-goh.jpg
